Name;url_or_id
Crypto Banter;@CryptoBanterGroup
Crypto Banter Plus;@CryptoBanterPlus
AltCoin Daily;@AltcoinDaily
BitBoy;@BitBoyCryptoV2
The moon;@carlrunefelt
Coin Bureau;@CoinBureau
MM Crypto;@MMCryptoTube
Data Dash;@DataDash
Alex Becker;@AlexBeckersChannel
JRNY crypto;@JRNYCrypto
Lady of Crypto;@LadyOfCrypto
Crypto Nutshell;@TheCryptoNutshell
BFM Crypto;@BFM-Crypto
The House of Crypto;@TheHouseOfCrypto
Bullrunners;@Bullrunners
Bitcoin University;@TraderUniversity
CryptosRUs;@CryptosRUs
Crypto Rover;@CryptoRover
Lark Davis;@TheCryptoLark
Crypto Le Trone;@CryptoLeTrone
Satoshi Stacker;@stackersatoshi
Savvy Finance;@SavvyFinanceOfficial
Benjamin Cowen;@intothecryptoverse
Crypto Zombie;@CryptoZombie
Ellio Trades;@elliotrades_official
Ivan on Tech;@IvanOnTech
